"","Location","Total Expenditures","Expenditures per Capita","Total Operating Expenditures per Visit","Total Operating Expenditures per Open Hour","Total Operating Expenditures per Circulation","% Operating Expenditures on Staff","% of Operating Expenditures on Collection","% of Collection Expenditures on Print Materials","% of Collection Expenditures on Electronic Materials","% of Collection Expenditures on Serial Subscriptions","% of Collection Expenditures on Other Materials"
"1","LOS ANGELES PUBLIC LIBRARY",184631730,47.05982,0,8338.52994,0,0.7044279,0.073701,0.1752413,0.6787429,0.0255382,0.1204777
"2","LA COUNTY LIBRARY",159105841,45.96597,148.58924,5625.07218,0,0.7107915,0.0709537,0.4692611,0.4138387,0.024164,0.0927362
"3","SAN FRANCISCO PUBLIC LIBRARY",146160177,155.92458,1976.86861,59761.52606,0,0.7007348,0.1385628,0.2000593,0.7170335,0.0305337,0.0523735
"4","ORANGE COUNTY PUBLIC LIBRARIES",60061019,33.17571,50.66252,1130.4744,0,0.5467059,0.1044543,0.5386065,0.2978445,0.0356012,0.1279479
"5","SAN DIEGO PUBLIC LIBRARY",57542322,39.21945,132.14349,2902.24334,0,0.6983601,0.0568735,0.6033251,0.2131344,0.0997339,0.0838066
"6","SAN DIEGO COUNTY LIBRARY",55929602,49.58137,104.9668,2932.66371,0,0.4848701,0.1195411,0.2815663,0.625937,0.0043138,0.0881829
"7","SANTA CLARA COUNTY LIBRARY",54212440,123.04716,153.89107,9244.01028,0,0.6445559,0.1669319,0.3527543,0.5428721,0.0283276,0.076046
"8","SACRAMENTO PUBLIC LIBRARY",46212463,30.52385,122.13726,1338.71002,0,0.582757,0.1518588,0.3516019,0.5644291,0.0174311,0.0665379
"9","SAN JOSE PUBLIC LIBRARY",44554271,41.22503,85.28184,6235.72106,0,0.8673293,0.1148604,0.3132977,0.4413503,0.0030752,0.2422768
"10","OAKLAND PUBLIC LIBRARY",39369773,85.18964,1102.78908,7006.04708,0,0.7651721,0.0570546,0.2766948,0.5982126,0.0448753,0.0802172
"11","RIVERSIDE COUNTY LIBRARY SYSTEM",38168583,22.37956,89.12413,694.72179,0,0.013007,0.0445067,0.6435702,0.3493948,0.007035,0
"12","ALAMEDA COUNTY LIBRARY",36629558,61.41777,275.40218,20959.6655,0,0.6143241,0.1222294,0.498057,0.4253476,0.0159156,0.0606798
"13","CONTRA COSTA COUNTY LIBRARY",32697031,31.32728,13.59426,4141.48588,0,0.6911825,0.1615232,0.3611384,0.6310363,0.0078253,0
"14","SAN MATEO COUNTY LIBRARIES",32523236,111.7748,575.5544,13602.46875,0,0.5601039,0.0872594,0.4539382,0.4378535,0.009752,0.0984563
"15","SONOMA COUNTY LIBRARY",31460863,60.01875,517.62427,11104.88995,0,0.6767334,0.104374,0.1923676,0.5791965,0.0417286,0.1867073
"16","FRESNO COUNTY PUBLIC LIBRARY",29938503,29.85314,0,1689.92874,0,0.6843405,0.0845651,0.211735,0.5733765,0,0.2148884
"17","BERKELEY PUBLIC LIBRARY",23019545.11,174.18217,993.48757,70616.95872,0,0.6351765,0.0951284,0.3657921,0.5926018,0.015191,0.0264151
"18","SOUTH SAN FRANCISCO PUBLIC LIBRARY",22973941,78.06514,132.86272,2449.02009,0,0.8847796,0.0463237,0.4325474,0.3251407,0.0370791,0.2052328
"19","SOLANO COUNTY LIBRARY",20671956,49.44424,66.28915,1013.96431,0,0.6466699,0.0735051,0.3198257,0.5245738,0.0350817,0.1205188
"20","MARIN COUNTY FREE LIBRARY",19912128,129.95482,362.37083,5037.78471,0,0.6224766,0.0491725,0.4148739,0.4682148,0.0027956,0.1141158
"21","SAN BERNARDINO COUNTY LIBRARY",17652801,13.23789,27.17345,339.16268,0,0.5032337,0.096472,0.3867053,0.5934548,0.0198399,0
"22","LONG BEACH PUBLIC LIBRARY",14524735,30.93958,109.58842,3536.50293,0,0.6433073,0.0648941,0.6712398,0.2695156,0.0135171,0.0457275
"23","PASADENA PUBLIC LIBRARY",13355056.82,91.90988,199.60926,4372.97211,0,0.7085103,0.0604225,0.4961115,0.3786477,0.0785175,0.0467233
"24","SANTA CRUZ PUBLIC LIBRARIES",13144874,62.03959,0,1513.81363,0,0.6938784,0.0922022,0.2352043,0.6427575,0.0426061,0.0794321
"25","STOCKTON-SAN JOAQUIN COUNTY PUBLIC LIBRARY",12733162,17.81402,105.51266,597.29628,0,0.5458914,0.0817655,0.5254218,0.3957631,0.0533236,0.0254915
"26","STANISLAUS COUNTY FREE LIBRARY",11824798,20.35553,55.07121,1349.19218,0,0.6267817,0.0538155,0.500119,0.4272738,0.0095348,0.0630723
"27","BEVERLY HILLS PUBLIC LIBRARY",11735630,346.43789,1636.35681,20661.92679,0,0.474128,0.0487962,0.3019739,0.5806466,0.0580494,0.05933
"28","SAN LUIS OBISPO CITY-COUNTY LIBRARY",11477391,47.80274,48.85701,1307.81575,0,0.6256038,0.0824545,0.4972632,0.1876534,0.0194122,0.2956712
"29","CARLSBAD CITY LIBRARY",11215107,97.09965,554.81879,5137.47458,0,0.622382,0.0669004,0.4049501,0.3671702,0.1241352,0.1037445
"30","GLENDALE LIBRARY, ARTS & CULTURE",11055510,53.47321,614.68859,8269.84674,0,0.6581786,0.0869557,0.4882278,0.454082,0,0.0576902
"31","ANAHEIM PUBLIC LIBRARY",10692516,30.08623,86.16041,1938.48359,0,0.6365304,0.059469,0.6511201,0.2764617,0.0194632,0.052955
"32","SUNNYVALE PUBLIC LIBRARY",9943320,64.63963,249.78823,20544.04959,0,0.5671787,0.078295,0.3009215,0.5875478,0.0157557,0.095775
"33","REDWOOD CITY PUBLIC LIBRARY",9884633,113.92434,335.16278,14838.38379,0,0.7024769,0.0533476,0.3541407,0.4522842,0.0243384,0.1692367
"34","BELVEDERE-TIBURON LIBRARY",9869455,218.79882,0,0,0,0.7451928,0.0685418,0.4938713,0.2800907,0.0933829,0.1326551
"35","VENTURA COUNTY LIBRARY",9586193,38.61317,6057.92742,548.38331,0,0.6562882,0.0931409,0.6746574,0.2306724,0.0253778,0.0692924
"36","SANTA CLARA CITY LIBRARY",9566788,72.15602,197.91703,5579.01301,0,0.6368898,0.0940208,0.4246705,0.4819544,0.037709,0.0556661
"37","MONTEREY COUNTY FREE LIBRARIES",9523396,40.61335,942.04484,8602.03604,0,0.6191257,0.0358849,0.7204779,0.1974461,0.0299196,0.0521565
"38","NEWPORT BEACH PUBLIC LIBRARY",8800042,102.48695,74.98779,2607.41985,0,0.6505687,0.0855433,0.3059107,0.5949268,0.047922,0.0512404
"39","SANTA MONICA PUBLIC LIBRARY",8651379,92.7823,879.28491,75664.7807,0,0.8016744,0.0863172,0.3960559,0.4884871,0.0470496,0.0684074
"40","PALO ALTO CITY LIBRARY",8517121,125.88677,87.33449,18515.48043,0,0.7612424,0.0752966,0.2707177,0.583345,0.0206234,0.1253138
"41","NAPA COUNTY LIBRARY",8386340,63.55552,85.09794,1100.23803,0,0.6652318,0.0875848,0.3535905,0.2758713,0.033688,0.3368502
"42","PALOS VERDES LIBRARY DISTRICT",8291640,119.44941,153.76001,1275.55043,0,0.7518843,0.0583826,0.3146225,0.5772616,0.0649038,0.0432121
"43","PLACER COUNTY LIBRARY",7704102,38.19831,132.42977,2825.11991,0,0.6158636,0.0580554,0.4842431,0.338513,0.0404727,0.1367713
"44","RIVERSIDE PUBLIC LIBRARY",7512836,23.16617,542.28642,2727.9724,0,0.5061549,0.0405045,0.4107734,0.3562162,0.0098586,0.2231518
"45","THOUSAND OAKS LIBRARY",7357251,57.48601,332.11608,31348.86957,0,0.7032802,0.1123416,0.3093468,0.616327,0.0250762,0.04925
"46","SAN MATEO PUBLIC LIBRARY",7322153,68.53253,290.93106,14882.4248,0,0.62475,0.0774952,0.4403312,0.370788,0.0692629,0.1196179
"47","YOLO COUNTY LIBRARY",7217839,44.5801,403.99294,5096.98028,0,0.5886229,0.0712976,0.4799054,0.4479897,0.0225187,0.0495861
"48","BURBANK PUBLIC LIBRARY",6922439,66.34858,117.25643,4221.66218,0,0.7714772,0.0559113,0.4032441,0.445496,0.0378571,0.1134028
"49","SANTA BARBARA PUBLIC LIBRARY",6516738,49.19922,0,17557.0317,0,0.5766365,0.1090744,0.4282399,0.4570851,0.0002378,0.1144372
"50","WHITTIER PUBLIC LIBRARY",6369499,40.54612,819.44033,6759.98646,0,0.7382124,0.0767518,0.247218,0.6597164,0.0363554,0.0567102
"51","SANTA CLARITA PUBLIC LIBRARY",6271582,28.29521,137.54171,3548.06225,0,0.56198,0.1611904,0.4027832,0.5484741,0,0.0487427
"52","HAYWARD PUBLIC LIBRARY",6201799,38.91108,129.468,87877.32857,0,0.6476673,0.0495584,0.4634514,0.3395625,0.0257796,0.1712065
"53","KERN COUNTY LIBRARY",6115869,6.68991,132.96524,655.64633,0,0.6675351,0.0809821,0.2923582,0.5053465,0.0019323,0.200363
"54","SAN LEANDRO PUBLIC LIBRARY",5915595,63.66328,0,30702.23204,0,0.5650967,0.0680536,0.421293,0.4060093,0.058948,0.1137498
"55","OCEANSIDE PUBLIC LIBRARY",5898680,33.37226,66.66004,1615.19168,0,0.5988908,0.0638572,0.5855822,0.3276051,0.029734,0.0570787
"56","SANTA ANA PUBLIC LIBRARY",5837955,15.41264,809.52164,10820.49153,0,0.6158104,0.0894084,0.3772504,0.2966671,0.0194905,0.3065919
"57","TORRANCE PUBLIC LIBRARY",5812670,40.13388,63.08246,1834.80745,0,0.6568033,0.0663769,0.3358319,0.5506069,0.1117107,0.0018506
"58","YORBA LINDA PUBLIC LIBRARY",5705682,83.22718,67.74927,4353.6091,0,0.4545957,0.0808328,0.4632575,0.4130749,0.03078,0.0928877
"59","HUNTINGTON BEACH PUBLIC LIBRARY",5582450,27.12657,43.69915,2255.2859,0,0.722831,0.1130952,0.4366303,0.4623609,0.0182256,0.0827832
"60","LIVERMORE PUBLIC LIBRARY",5517722,60.49073,145.12683,1393.71609,0,0.7678611,0.0581742,0.4576948,0.4145126,0.0390668,0.0887258
"61","MOUNTAIN VIEW PUBLIC LIBRARY",5420379,65.45245,72.92513,21009.22093,0,0.8408761,0.1206264,0.3514249,0.5237925,0.0224672,0.1023154
"62","ONTARIO CITY LIBRARY",5414955,29.75185,91.46574,1355.09384,0,0.6641514,0.0664271,0.6822352,0.1223242,0.0453155,0.1501251
"63","RICHMOND PUBLIC LIBRARY",5282723,47.92682,0,24780.19249,0,0.7137218,0.0612556,0.7246735,0.2165051,0.0203206,0.0385008
"64","RANCHO CUCAMONGA PUBLIC LIBRARY",5274473,23.69354,175.23112,5085.13848,0,0.5882024,0.157394,0.5841553,0.3354698,0.0125892,0.0677857
"65","BURLINGAME PUBLIC LIBRARY",5257357,139.7459,967.2126,93180.57143,0,0.6616027,0.071221,0.5509594,0.3263086,0.0445432,0.0781888
"66","ORANGE PUBLIC LIBRARY",5070542,36.6701,66.14698,5313.52848,0,0.7290703,0.0364453,0.5072474,0.2489337,0.0354118,0.2084071
"67","TULARE COUNTY FREE LIBRARY",5008423,13.70289,340.20183,1137.33984,0,0.5637875,0.0546288,0.6593611,0.1021981,0.0525583,0.1858825
"68","ALAMEDA FREE LIBRARY",4919399,60.82042,600.73257,2679.41122,0,0.5478503,0.0847868,0.563414,0.4195637,0.0170223,0
"69","ROSEVILLE PUBLIC LIBRARY",4736857,32.25094,33.02211,849.50807,0,0.5335643,0.0762628,0.5559508,0.3425422,0,0.101507
"70","NEVADA COUNTY LIBRARY",4451200,44.8152,218.82461,612.53092,0,0.5723361,0.0387469,0.5554197,0.3420899,0.1024905,0
"71","PLEASANTON PUBLIC LIBRARY",4289216,54.72963,104.01125,4941.49309,0,0.8090318,0.1153041,0.2146092,0.6565298,0.0178642,0.1109968
"72","DALY CITY PUBLIC LIBRARY",4184802,35.08321,328.05252,8447.898,0,0.5907055,0.0559745,0.5787314,0.2976606,0.0572439,0.0663641
"73","REDONDO BEACH PUBLIC LIBRARY",4183150,62.91965,222.25971,5592.44652,0,0.4355847,0.0810511,0.3534651,0.5269799,0.0182717,0.1012833
"74","ALTADENA LIBRARY DISTRICT",4113402,85.339,439.70865,1017.83056,0,0.6071773,0.0929958,0.5180965,0.3141771,0.0565094,0.1112171
"75","CERRITOS PUBLIC LIBRARY",4050380,80.92991,0,0,0,0.8776905,0.0632904,0.4183733,0.4763019,0.0117028,0.093622
"76","SALINAS PUBLIC LIBRARY",4037372,24.50568,219.02131,2672.5371,0,0.7998773,0.0789456,0.3058686,0.5501699,0.0410438,0.1029177
"77","CHULA VISTA PUBLIC LIBRARY",4015724,14.63195,30.42123,667.7293,0,0.9327857,0.026467,0.6106281,0.296611,0.0344266,0.0583343
"78","SAN RAFAEL PUBLIC LIBRARY",3815120,63.42631,374.91657,11997.33013,0,0.6530809,0.0562903,0.7902935,0.12061,0,0.0890966
"79","CAMARILLO PUBLIC LIBRARY",3674753,51.5248,153.17686,9552.36968,0,0.026424,0.1064783,0.4800948,0.5023651,0.0175401,0
"80","ARCADIA PUBLIC LIBRARY",3628384,62.11054,112.5839,19049.43617,0,0.7320765,0.082268,0.5230665,0.2835018,0.0453524,0.1480793
"81","EL DORADO COUNTY LIBRARY",3622455,18.54227,13.11576,485.19354,0,0.7827893,0.058163,0.7417902,0.098774,0.0730969,0.0863389
"82","BUTTE COUNTY LIBRARY",3502537,17.28206,24.95253,454.40283,0,0.5359141,0.0960915,0.3075819,0.4060714,0.0196902,0.2666566
"83","FULLERTON PUBLIC LIBRARY",3486696,25.00661,123.01355,6271.03597,0,0.5480661,0.0609591,0.584697,0.3578378,0.0313861,0.0260791
"84","MENDOCINO COUNTY LIBRARY",3485879,40.2206,124.62475,1937.67593,0,0.6482881,0.0573081,0.3951814,0.351496,0.0031787,0.2501439
"85","A. K. SMILEY PUBLIC LIBRARY",3454918,47.70555,91.13572,3685.60369,0,0.7037545,0.087263,0.5216587,0.30757,0.1032177,0.0675537
"86","BUENA PARK LIBRARY DISTRICT",3366884,39.1863,78.68686,2159.7711,0,0.76508,0.0696919,0.3835536,0.4834962,0.0202945,0.1126558
"87","RANCHO MIRAGE PUBLIC LIBRARY",3359008,178.68014,86.2589,2493.69562,0,0.664966,0.0504277,0.3813752,0.3942865,0,0.2243383
"88","WATSONVILLE PUBLIC LIBRARY",3333230,64.89176,124.30932,2480.08185,0,0.8529381,0.0502936,0.4549451,0.3419948,0.0579575,0.1451026
"89","MERCED COUNTY LIBRARY",3251187,11.41424,0,1271.48494,0,0.7733806,0.0474433,0.6561748,0.3157728,0.0280524,0
"90","SANTA MARIA PUBLIC LIBRARY",3241138,20.27985,105.26313,882.54638,0,0.6486659,0.0606801,0.5708978,0.2647594,0.0556657,0.108677
"91","ALHAMBRA CIVIC CENTER LIBRARY",3233229,37.48324,182.7509,4134.56394,0,0.7297061,0.0687183,0.5904349,0.3805439,0.0290213,0
"92","MORENO VALLEY PUBLIC LIBRARY",3187045,15.218,55.05537,477.10254,0,0.0259221,0.0919457,0.5484021,0.2793216,7.51e-05,0.1722013
"93","MENLO PARK PUBLIC LIBRARY",3143856,90.27584,0,0,0,0.8104172,0.0890601,0.7143061,0.281408,0,0.0042858
"94","HUMBOLDT COUNTY LIBRARY",3086915,23.59107,0,1320.88789,0,0.6903559,0.0570764,0.7137692,0.0678075,0.084284,0.1341393
"95","INGLEWOOD PUBLIC LIBRARY",3015604,27.37501,150780.2,13961.12963,0,0.7953909,0.1196775,0.3422001,0.6292602,0.0285398,0
"96","LOS GATOS LIBRARY",2938054,95.28,72.67194,1037.44845,0,0.7012492,0.0774322,0.5384615,0.2773626,0.0421978,0.141978
"97","MISSION VIEJO LIBRARY",2803839,29.79036,0,1668.95179,0,0.8708374,0.0612047,0.4913232,0.4477181,0,0.0609587
"98","CORONADO PUBLIC LIBRARY",2762143,123.54712,24.03264,1188.52969,0,0.7252626,0.1155661,0.3662229,0.3721343,0.047959,0.2136838
"99","CITY OF COMMERCE PUBLIC LIBRARY",2706745,207.57919,6322.26905,34042.98718,0,0.9651647,0.0247613,0.3520456,0.5861749,0.0617795,0
"100","SUTTER COUNTY LIBRARY",2675130,15.05731,0,508.38,0,0.7239939,0.01567,0.7444663,0.1676639,0.046027,0.0418428
"101","MURRIETA PUBLIC LIBRARY",2664387,23.13398,44.3813,5286.48214,0,0.6044505,0.0431619,0.7765217,0.0954783,0.0373913,0.0906087
"102","SHASTA PUBLIC LIBRARIES",2587168,14.30565,10.56513,424.1998,0,0,0.0905712,0.5499852,0.3269074,0.0145029,0.1086045
"103","OXNARD PUBLIC LIBRARY",2560700,12.51105,482.24105,393.34869,0,0.9488081,0.0511919,0.450632,0.549368,0,0
"104","PLACENTIA LIBRARY DISTRICT",2544866,48.6089,30.97134,2009.25929,0,0.5974959,0.0896435,0.483472,0.3669081,0.0090141,0.1406059
"105","SAN BERNARDINO PUBLIC LIBRARY",2475919,11.44717,412.37825,709.02606,0,0.6271764,0.0734515,0.5859452,0.3299241,0.0841306,0
"106","KINGS COUNTY LIBRARY",2436986,15.97573,693.7051,627.1194,0,0.5702655,0.0563975,0.3346915,0.6180151,0.032014,0.0152794
"107","GOLETA VALLEY LIBRARY",2393797,23.21685,448.19266,7979.32333,0,0.5741402,0.1850387,0.2293964,0.2381244,0,0.5324792
"108","MONROVIA PUBLIC LIBRARY",2350959,61.0972,1317.80213,956.06303,0,0.6221699,0.0533744,0.6928141,0.2496075,0.0145361,0.0430424
"109","BENICIA PUBLIC LIBRARY",2346769,86.52082,681.08769,7566.66452,0,0.7561541,0.0743729,0.4368028,0.2949202,0.0279386,0.2403384
"110","ESCONDIDO PUBLIC LIBRARY",2325037,15.32776,29.96027,1519.63203,0,0.7025359,0.1024048,0.5272013,0.4415044,0.0312942,0
"111","MILL VALLEY PUBLIC LIBRARY",2318637,159.35649,806.48243,6983.84639,0,0.6838565,0.0951236,0.5933931,0.3025114,0.0414723,0.0626233
"112","EL SEGUNDO PUBLIC LIBRARY",2298076,137.93974,249.46548,478.56643,0,0.8220607,0.063192,0.6435408,0.2949869,0.0511569,0.0103154
"113","MONTEREY PARK BRUGGEMEYER LIBRARY",2293721,37.98809,498.96041,13653.10119,0,0.8362469,0.0262146,0.7434848,0.1722796,0.0327795,0.051456
"114","SAN BRUNO PUBLIC LIBRARY",2260564,50.3063,517.05489,19487.62069,0,0.5502985,0.0752126,0.631838,0.2587238,0.0465937,0.0628444
"115","PALM SPRINGS PUBLIC LIBRARY",2242995,46.96978,173.231,4940.51762,0,0.7502496,0.0728744,0.36442,0.5311611,0.0027591,0.1016598
"116","SIMI VALLEY PUBLIC LIBRARY",2225975,17.88391,87.11549,2789.44236,0,0.4933267,0.0962657,0.4615955,0.5258278,0.0125767,0
"117","CORONA PUBLIC LIBRARY",2215011,13.07146,35.40562,1435.52236,0,0.8705605,0.0647103,0.4151143,0.5255836,0.0174418,0.0418603
"118","NATIONAL CITY PUBLIC LIBRARY",2123033,33.83373,113.99447,2474.39744,0,0.3161086,0.066828,0.5383358,0.4088019,0.0387657,0.0140966
"119","CALABASAS CITY LIBRARY",2113660,54.6273,144.53076,2915.97149,0,0.7155397,0.1416405,0.2002793,0.7370989,0.0368701,0.0257517
"120","WOODLAND PUBLIC LIBRARY",2108658,33.21644,70.76132,1369.48749,0,0.586879,0.0879844,0.5487403,0.3167723,0.029656,0.1048314
"121","MADERA COUNTY LIBRARY",2026068,11.82164,40.21513,602.58025,0,0.7248933,0.0641441,0.576563,0.2413268,0.0615883,0.1205219
"122","GLENDORA LIBRARY & CULTURAL CENTER",2000541,38.69428,96.74977,2915.64766,0,0.6120319,0.0787273,0.3331975,0.546304,0.0729208,0.0475778
"123","LOMPOC PUBLIC LIBRARY",1953239,35.09485,375.98441,6782.07986,0,0.5504216,0.0425621,0.8497125,0.1502875,0,0
"124","FOLSOM PUBLIC LIBRARY",1838674,22.3403,21.74504,1736.23607,0,0.7427635,0.1073899,0.7769112,0.0759667,0.0149654,0.1321567
"125","SANTA FE SPRINGS CITY LIBRARY",1713554,94.52005,876.49821,571.18467,0,0.8013164,0.0794851,0.5260055,0.4709035,0.003091,0
"126","UPLAND PUBLIC LIBRARY",1648870,17.25663,41.44728,704.19439,0,0,0.0869176,0.4615496,0.3972249,0.0025475,0.138678
"127","SOUTH PASADENA PUBLIC LIBRARY",1608369,61.70824,208.79607,7764.34804,0,0.8423115,0.0834218,0.4381915,0.4079646,0.0508196,0.1030242
"128","HEMET PUBLIC LIBRARY",1553625,18.38066,0,1104.99644,0,0.4835144,0.1382734,0.695217,0.2336553,0.044222,0.0269056
"129","LODI PUBLIC LIBRARY",1552111,22.57583,10.77855,3079.58532,0,0.4724991,0.063681,0.7344193,0.1922299,0.0733509,0
"130","TULARE PUBLIC LIBRARY",1523980.53,22.00821,95.67333,1091.6766,0,0.4831046,0.055486,0.6966634,0.2483812,0.0549554,0
"131","MONTEREY PUBLIC LIBRARY",1512491,53.2905,0,0,0,0.5668715,0.0399295,0.6180021,0.3150696,0,0.0669283
"132","BEAUMONT LIBRARY DISTRICT",1446971,23.55381,98.8178,711.45867,17.62866,0.7586981,0.0875677,0.6268345,0.2098401,0.0125659,0.1507594
"133","SAN BENITO COUNTY FREE LIBRARY",1429760,23.29548,5585,34872.19512,0,0.6082874,0.1846373,0.5113888,0.4666972,0.0113642,0.0105498
"134","PALMDALE CITY LIBRARY",1404110,8.99644,180.80221,2095.68657,0,0,0.1521533,0.3626662,0.4912189,0.0288991,0.1172159
"135","AZUSA CITY LIBRARY",1396763,28.16793,0,4060.35756,0,0.8951504,0.0526217,0.6190476,0.3673469,0.0136054,0
"136","CROWELL PUBLIC LIBRARY",1332531,102.81082,164.51,7614.46286,0,0.7675626,0.0755855,0.5086477,0.3460187,0.1056195,0.0397141
"137","COLUSA COUNTY FREE LIBRARY",1205701,54.16918,96.01307,221.41393,0,0.5913442,0.0887412,0.7425734,0.0650696,0.0111457,0.1812113
"138","MONO COUNTY FREE LIBRARY",1196804,90.0191,27.79839,146.55939,0,0.7953934,0.0474138,0.8256234,0.1486827,0.0256939,0
"139","LAKE COUNTY LIBRARY",1169676,18.29334,0,247.07985,0,0.5402308,0.1047931,0.6269682,0.3226378,0.0240508,0.0263433
"140","PASO ROBLES CITY LIBRARY",1167203,37.56325,21.25627,408.68452,0,0.8117166,0.0647137,0.4625202,0.3865544,0.0119416,0.1389838
"141","DOWNEY CITY LIBRARY",1094005,9.81831,94.07559,2856.40992,0,0.8562072,0.1437928,0.4207933,0.5792067,0,0
"142","ST. HELENA PUBLIC LIBRARY",1071237,176.48056,107.30612,1471.4794,0,0.7425957,0.0968366,0.3532173,0.5024823,0.0151347,0.1291657
"143","MOORPARK CITY LIBRARY",1070520,29.75237,81.15533,802.48876,0,0.3920142,0.0608517,0.4322184,0.4731437,0,0.094638
"144","COALINGA-HURON LIBRARY DISTRICT",1056545,43.07594,181.97831,326.95475,0,0.7314725,0.048253,0.6455449,0.2635406,0.0909145,0
"145","BLANCHARD/SANTA PAULA PUBLIC LIBRARY DISTRICT",967770,31.5327,0,746.73611,0,0.6544065,0.053057,0.6286054,0.2477847,0.0394376,0.0841724
"146","IMPERIAL COUNTY LIBRARY",966879,18.26471,40286.625,3357.21875,0,0.6175654,0.0374039,0.270289,0.1997788,0,0.5299323
"147","BANNING LIBRARY DISTRICT",958147,18.5213,108.07188,365.6595,0,0.7890828,0.0774278,0.4374501,0.3541034,0.0359198,0.1725268
"148","HARRISON MEMORIAL LIBRARY",955856,237.59781,0,0,0,0.7038236,0.1802416,0.390121,0.5615521,0.0034478,0.0448791
"149","PACIFIC GROVE PUBLIC LIBRARY",911188,57.42244,259.78888,7080.27778,0,0.7524949,0.1090723,0.557998,0.2985972,0.0538821,0.0895226
"150","CALAVERAS COUNTY LIBRARY",889184,17.79721,25.5634,133.71955,0,0.6120859,0.0574524,0.3074117,0.344546,0.0135725,0.3344698
"151","PORTERVILLE PUBLIC LIBRARY",882545,14.81501,0,0,0,0.8913902,0.0292642,0.2418787,0.7503388,0.0077826,0
"152","LINCOLN PUBLIC LIBRARY",867037,15.75121,14.33173,1012.48446,0,0.5175516,0.1561157,0.4542311,0.4059135,0.0503499,0.0895055
"153","COVINA PUBLIC LIBRARY",835899,17.1175,656.63708,8892.54255,0,0.7174348,0.0533952,0.6944637,0.1344297,0.0568862,0.1142204
"154","POMONA PUBLIC LIBRARY",793606,5.24459,385.05871,720.15064,0,0.4236674,0.0576382,0.4632504,0.4930698,0.0436798,0
"155","TUOLUMNE COUNTY LIBRARY",786120,14.70345,52.29991,397.43175,0,0.7472511,0.0762517,0.5406303,0.1894133,0.2032264,0.0667301
"156","SAN ANSELMO PUBLIC LIBRARY",750467,59.14312,489.54142,6948.76852,0,0.6946062,0.1290556,0.3959856,0.5162516,0.0671127,0.0206501
"157","AMADOR COUNTY LIBRARY",745794,19.95329,758.69176,654.20526,0,0.7233955,0.0621646,0.4960959,0.3805056,0.0155515,0.1078469
"158","VICTORVILLE CITY LIBRARY",741756,5.83279,2540.26027,15453.25,0,0.6338823,0.1194139,0.4987355,0.4567716,0.0444929,0
"159","SAUSALITO PUBLIC LIBRARY",683724,92.96044,273.05272,7950.27907,0,0.7800384,0.1019973,0.5722275,0.252072,0.0870401,0.0886604
"160","YUBA COUNTY LIBRARY",649411,8.17826,0,626.84459,0,0.5170547,0.0799109,0.7166008,0.2484054,0,0.0349937
"161","CAMARENA MEMORIAL PUBLIC LIBRARY",637142,15.29443,0,0,0,0.6739428,0.0411712,0.686463,0.2358687,0.0776684,0
"162","LARKSPUR PUBLIC LIBRARY",628546,50.91758,660.52021,6467.59375,0,0.6861049,0.1033937,0.571048,0.2476167,0.0311546,0.1501807
"163","INYO COUNTY FREE LIBRARY",602002,32.43021,814.61705,1605.33867,0,0.8482165,0.0502806,0.5918597,0.2039711,0.2041693,0
"164","SISKIYOU COUNTY FREE LIBRARY",600687,13.55035,0,192.83692,0,0.5852532,0.067789,0.4172888,0.3834479,0,0.1992633
"165","EL CENTRO PUBLIC LIBRARY",600398,13.34307,118.35167,604.63041,0,0.72355,0.1309082,0.5089253,0.2089138,0.0680051,0.2141558
"166","PLUMAS COUNTY LIBRARY",595172,27.93579,56.85089,101.54786,0,0.8232393,0.0303795,0.3876998,0.419114,0.1119407,0.0812455
"167","TEHAMA COUNTY LIBRARY",553667,8.47182,0,226.9127,0,0.9567737,0.0432263,0.4045878,0.5849664,0.0104458,0
"168","SIERRA MADRE PUBLIC LIBRARY",529961,44.65321,46.65425,1114.23888,0,0.7468935,0.1374816,0.4113223,0.2852884,0.1051199,0.1982694
"169","ORLAND FREE LIBRARY",439750,27.50672,34.13943,268.14024,0,0.8906697,0.0179147,1,0,0,0
"170","IMPERIAL PUBLIC LIBRARY",401877,19.80763,0,295.49779,0,0.4941711,0.0332739,0.5234819,0.4204308,0.0560873,0
"171","MARIPOSA COUNTY LIBRARY",399535,22.15086,0,141.07874,0,0.8555571,0.0951106,0.5263158,0.2631579,0.0789474,0.1315789
"172","IRWINDALE PUBLIC LIBRARY",390493,270.98751,21.09405,968.96526,0,0.8201223,0.0656734,0.4614935,0.271125,0.1083252,0.1590563
"173","LOOMIS LIBRARY & COMMUNITY LEARNING CENTER",381374,52.78848,336.18709,704.67451,0,0.6697265,0.0603978,0.5318345,0.3633558,0.0023035,0.1025062
"174","SIGNAL HILL PUBLIC LIBRARY",372602,32.07386,0,0,0,0.8507899,0.0569106,0.9054468,0.0945532,0,0
"175","ALPINE COUNTY LIBRARY/ARCHIVES",361839,318.80088,2304.70701,605.08194,0,0.6919155,0.079317,0.4006969,0.3205575,0,0.2787456
"176","PALO VERDE VALLEY LIBRARY DISTRICT",345781,15.5191,66.44523,236.35065,0,0.7754157,0.0196685,0.9608881,0,0,0.0391119
"177","TRINITY COUNTY FREE LIBRARY",342950,25.33801,22.77829,188.74518,0,0.8174544,0.0541624,0.8398385,0.1453567,0.0148048,0
"178","DEL NORTE COUNTY LIBRARY DISTRICT",330849,12.27686,20.25523,207.03942,0,0.5419753,0.0563308,0.5664002,0.3874014,0.0461984,0
"179","COLTON PUBLIC LIBRARY",295159,5.44594,452.00459,534.70833,0,0.8224482,0.0312611,0.5538095,0,0.3235071,0.1226834
"180","WILLOWS PUBLIC LIBRARY",275343,20.1083,54.11616,135.77071,0,0.780659,0.0251722,1,0,0,0
"181","MODOC COUNTY LIBRARY",271008,28.55421,0,225.0897,0,0.6220296,0.0144608,0.5067619,0.1436591,0.349579,0
"182","BRAWLEY PUBLIC LIBRARY",265022,9.69853,0,0,0,0.6205372,0.0771898,1,0,0,0
"183","LASSEN LIBRARY DISTRICT",249639,19.61183,37.98524,304.4378,0,0.6317643,0.0104471,1,0,0,0
"184","SAN JUAN BAUTISTA CITY LIBRARY",80852,23.27429,108.83261,32.93618,0,0.5176078,0.0401894,0.6272366,0,0.3727634,0
"185","Median",3165450.5,37.77567,132.14349,2095.68657,17.62866,0.6697265,0.07316295,0.49259725,0.3673469,0.03323375,0.09711565
"186","Total",1751672131.46,NA,NA,NA,NA,NA,NA,NA,NA,NA,NA
"187","Average",9519957.2361957,53.769843478261,1630.0493766452,6861.1071024,17.62866,0.66783292651934,0.077351865217391,0.50376778315217,0.3807596700565,0.045632264375,0.11377469178082
"188","Maximum",184631730,346.43789,150780.2,93180.57143,17.62866,0.9651647,0.1850387,1,0.7503388,0.3727634,0.5324792
"189","Minimum",80852,5.24459,10.56513,32.93618,17.62866,0.013007,0.0104471,0.1752413,0.0650696,7.51e-05,0.0018506
